{
	"info": {
		"_postman_id": "4145b65d-af3e-4393-ace1-255666eb6ee3",
		"name": "TW1Project",
		"schema": "https://schema.getpostman.com/json/collection/v2.1.0/collection.json",
		"_exporter_id": "42531450"
	},
	"item": [
		{
			"name": "Tusuarios",
			"item": [
				{
					"name": "SELECT",
					"request": {
						"method": "GET",
						"header": [],
						"url": {
							"raw": "http://localhost:2000/usuarios",
							"protocol": "http",
							"host": [
								"localhost"
							],
							"port": "2000",
							"path": [
								"usuarios"
							]
						}
					},
					"response": []
				},
				{
					"name": "INSERT",
					"request": {
						"method": "POST",
						"header": [],
						"body": {
							"mode": "raw",
							"raw": "{\r\n    \"nombres_usuario\": \"Jose\",\r\n    \"apellidos_usuario\": \"Ferroso\",\r\n    \"usuario\": \"JFman\",\r\n    \"password\": \"987654\"\r\n}",
							"options": {
								"raw": {
									"language": "json"
								}
							}
						},
						"url": {
							"raw": "http://localhost:2000/usuarios",
							"protocol": "http",
							"host": [
								"localhost"
							],
							"port": "2000",
							"path": [
								"usuarios"
							]
						}
					},
					"response": []
				},
				{
					"name": "UPDATE",
					"request": {
						"method": "PUT",
						"header": [],
						"body": {
							"mode": "raw",
							"raw": "{\r\n    \"nombres_usuario\": \"Jhosep\",\r\n    \"apellidos_usuario\": \"Quisbert\",\r\n    \"usuario\": \"sam\",\r\n    \"password\": \"7090158\",\r\n    \"id_rol\": \"1\"\r\n}",
							"options": {
								"raw": {
									"language": "json"
								}
							}
						},
						"url": {
							"raw": "http://localhost:2000/usuarios/",
							"protocol": "http",
							"host": [
								"localhost"
							],
							"port": "2000",
							"path": [
								"usuarios",
								""
							]
						}
					},
					"response": []
				},
				{
					"name": "DELETE",
					"request": {
						"method": "DELETE",
						"header": [],
						"url": {
							"raw": "http://localhost:2000/usuarios/",
							"protocol": "http",
							"host": [
								"localhost"
							],
							"port": "2000",
							"path": [
								"usuarios",
								""
							]
						}
					},
					"response": []
				}
			]
		},
		{
			"name": "Troles",
			"item": [
				{
					"name": "SELECT",
					"request": {
						"method": "GET",
						"header": [],
						"url": {
							"raw": "http://localhost:2000/roles",
							"protocol": "http",
							"host": [
								"localhost"
							],
							"port": "2000",
							"path": [
								"roles"
							]
						}
					},
					"response": []
				},
				{
					"name": "INSERT",
					"request": {
						"method": "POST",
						"header": [],
						"body": {
							"mode": "raw",
							"raw": "{\r\n    \"nombre\": \"Prueba\"\r\n}",
							"options": {
								"raw": {
									"language": "json"
								}
							}
						},
						"url": {
							"raw": "http://localhost:2000/roles",
							"protocol": "http",
							"host": [
								"localhost"
							],
							"port": "2000",
							"path": [
								"roles"
							]
						}
					},
					"response": []
				},
				{
					"name": "UPDATE",
					"request": {
						"method": "PUT",
						"header": [],
						"body": {
							"mode": "raw",
							"raw": "{\r\n    \"nombre\": \"Prueba\"\r\n}",
							"options": {
								"raw": {
									"language": "json"
								}
							}
						},
						"url": {
							"raw": "http://localhost:2000/roles/",
							"protocol": "http",
							"host": [
								"localhost"
							],
							"port": "2000",
							"path": [
								"roles",
								""
							]
						}
					},
					"response": []
				},
				{
					"name": "DELETE",
					"request": {
						"method": "DELETE",
						"header": [],
						"url": {
							"raw": "http://localhost:2000/roles/",
							"protocol": "http",
							"host": [
								"localhost"
							],
							"port": "2000",
							"path": [
								"roles",
								""
							]
						}
					},
					"response": []
				}
			]
		},
		{
			"name": "Tclimas",
			"item": [
				{
					"name": "SELECT",
					"request": {
						"method": "GET",
						"header": [],
						"url": {
							"raw": "http://localhost:2000/climas",
							"protocol": "http",
							"host": [
								"localhost"
							],
							"port": "2000",
							"path": [
								"climas"
							]
						}
					},
					"response": []
				},
				{
					"name": "INSERT",
					"request": {
						"method": "POST",
						"header": [],
						"body": {
							"mode": "raw",
							"raw": "{\r\n    \"fecha\": \"2024-02-23\",\r\n    \"id_ubicacion\": 1,\r\n    \"t_max\": 30.5,\r\n    \"t_min\": 20.3,\r\n    \"condiciones\": \"Soleado\",\r\n    \"precipitacion\": 0.0,\r\n    \"humedad\": 50,\r\n    \"id_fuente\": 2\r\n}",
							"options": {
								"raw": {
									"language": "json"
								}
							}
						},
						"url": {
							"raw": "http://localhost:2000/climas",
							"protocol": "http",
							"host": [
								"localhost"
							],
							"port": "2000",
							"path": [
								"climas"
							]
						}
					},
					"response": []
				},
				{
					"name": "UPDATE",
					"request": {
						"method": "PUT",
						"header": [],
						"body": {
							"mode": "raw",
							"raw": "{\r\n    \"fecha\": \"2024-02-24\",\r\n    \"id_ubicacion\": 1,\r\n    \"t_max\": 32.0,\r\n    \"t_min\": 21.5,\r\n    \"condiciones\": \"Nublado\",\r\n    \"precipitacion\": 5.0,\r\n    \"humedad\": 60,\r\n    \"id_fuente\": 2\r\n}",
							"options": {
								"raw": {
									"language": "json"
								}
							}
						},
						"url": {
							"raw": "http://localhost:2000/climas/",
							"protocol": "http",
							"host": [
								"localhost"
							],
							"port": "2000",
							"path": [
								"climas",
								""
							]
						}
					},
					"response": []
				},
				{
					"name": "DELETE",
					"request": {
						"method": "DELETE",
						"header": [],
						"url": {
							"raw": "http://localhost:2000/climas/",
							"protocol": "http",
							"host": [
								"localhost"
							],
							"port": "2000",
							"path": [
								"climas",
								""
							]
						}
					},
					"response": []
				}
			]
		},
		{
			"name": "Tdatosmonedas",
			"item": [
				{
					"name": "SELECT",
					"request": {
						"method": "GET",
						"header": [],
						"url": {
							"raw": "http://localhost:2000/datos_monedas",
							"protocol": "http",
							"host": [
								"localhost"
							],
							"port": "2000",
							"path": [
								"datos_monedas"
							]
						}
					},
					"response": []
				},
				{
					"name": "INSERT",
					"request": {
						"method": "POST",
						"header": [],
						"body": {
							"mode": "raw",
							"raw": "{\r\n    \"id_fuente\": 1,\r\n    \"id_moneda\": 2,\r\n    \"fecha\": \"2024-02-23\",\r\n    \"valor_respecto_dolar\": 18.75\r\n}",
							"options": {
								"raw": {
									"language": "json"
								}
							}
						},
						"url": {
							"raw": "http://localhost:2000/datos_monedas",
							"protocol": "http",
							"host": [
								"localhost"
							],
							"port": "2000",
							"path": [
								"datos_monedas"
							]
						}
					},
					"response": []
				},
				{
					"name": "UPDATE",
					"request": {
						"method": "PUT",
						"header": [],
						"body": {
							"mode": "raw",
							"raw": "{\r\n    \"id_fuente\": 1,\r\n    \"id_moneda\": 3,\r\n    \"fecha\": \"2024-02-24\",\r\n    \"valor_respecto_dolar\": 19.20\r\n}",
							"options": {
								"raw": {
									"language": "json"
								}
							}
						},
						"url": {
							"raw": "http://localhost:2000/datos_monedas/1",
							"protocol": "http",
							"host": [
								"localhost"
							],
							"port": "2000",
							"path": [
								"datos_monedas",
								"1"
							]
						}
					},
					"response": []
				},
				{
					"name": "DELETE",
					"request": {
						"method": "DELETE",
						"header": [],
						"url": {
							"raw": "http://localhost:2000/datos_monedas/1",
							"protocol": "http",
							"host": [
								"localhost"
							],
							"port": "2000",
							"path": [
								"datos_monedas",
								"1"
							]
						}
					},
					"response": []
				}
			]
		},
		{
			"name": "Teventos",
			"item": [
				{
					"name": "SELECT",
					"request": {
						"method": "GET",
						"header": [],
						"url": {
							"raw": "http://localhost:2000/eventos",
							"protocol": "http",
							"host": [
								"localhost"
							],
							"port": "2000",
							"path": [
								"eventos"
							]
						}
					},
					"response": []
				},
				{
					"name": "INSERT",
					"request": {
						"method": "POST",
						"header": [],
						"body": {
							"mode": "raw",
							"raw": "{\r\n    \"direccion\": \"Av. Siempre Viva 742\",\r\n    \"nombre\": \"Conferencia Tech 2024\",\r\n    \"tipo\": \"Tecnología\",\r\n    \"fecha\": \"2024-03-10\",\r\n    \"contacto\": \"eventos@tech.com\",\r\n    \"id_fuente\": 2,\r\n    \"url\": \"https://tech-event.com\"\r\n}",
							"options": {
								"raw": {
									"language": "json"
								}
							}
						},
						"url": {
							"raw": "http://localhost:2000/eventos",
							"protocol": "http",
							"host": [
								"localhost"
							],
							"port": "2000",
							"path": [
								"eventos"
							]
						}
					},
					"response": []
				},
				{
					"name": "UPDATE",
					"request": {
						"method": "PUT",
						"header": [],
						"body": {
							"mode": "raw",
							"raw": "{\r\n    \"direccion\": \"Calle Nueva 123\",\r\n    \"nombre\": \"Conferencia Innovación 2024\",\r\n    \"tipo\": \"Negocios\",\r\n    \"fecha\": \"2024-03-15\",\r\n    \"contacto\": \"info@innovacion.com\",\r\n    \"id_fuente\": 3,\r\n    \"url\": \"https://innovacion-event.com\"\r\n}",
							"options": {
								"raw": {
									"language": "json"
								}
							}
						},
						"url": {
							"raw": "http://localhost:2000/eventos/1",
							"protocol": "http",
							"host": [
								"localhost"
							],
							"port": "2000",
							"path": [
								"eventos",
								"1"
							]
						}
					},
					"response": []
				},
				{
					"name": "DELETE",
					"request": {
						"method": "DELETE",
						"header": [],
						"url": {
							"raw": "http://localhost:2000/eventos/1",
							"protocol": "http",
							"host": [
								"localhost"
							],
							"port": "2000",
							"path": [
								"eventos",
								"1"
							]
						}
					},
					"response": []
				}
			]
		},
		{
			"name": "Tfuentes",
			"item": [
				{
					"name": "SELECT",
					"request": {
						"method": "GET",
						"header": [],
						"url": {
							"raw": "http://localhost:2000/fuentes",
							"protocol": "http",
							"host": [
								"localhost"
							],
							"port": "2000",
							"path": [
								"fuentes"
							]
						}
					},
					"response": []
				},
				{
					"name": "INSERT",
					"request": {
						"method": "POST",
						"header": [],
						"body": {
							"mode": "raw",
							"raw": "{\r\n    \"nombre_fuente\": \"Fuente de Prueba\",\r\n    \"descripcion_fuente\": \"Una fuente para prueba de inserción\",\r\n    \"ulr\": \"http://fuentesprueba.com\",\r\n    \"dato_provisto\": \"Información relevante\"\r\n}",
							"options": {
								"raw": {
									"language": "json"
								}
							}
						},
						"url": {
							"raw": "http://localhost:2000/fuentes",
							"protocol": "http",
							"host": [
								"localhost"
							],
							"port": "2000",
							"path": [
								"fuentes"
							]
						}
					},
					"response": []
				},
				{
					"name": "UPDATE",
					"request": {
						"method": "PUT",
						"header": [],
						"body": {
							"mode": "raw",
							"raw": "{\r\n    \"nombre_fuente\": \"Fuente Actualizada\",\r\n    \"descripcion_fuente\": \"Descripción actualizada de la fuente\",\r\n    \"ulr\": \"http://nuevafuente.com\",\r\n    \"dato_provisto\": \"Nuevo dato actualizado\"\r\n}",
							"options": {
								"raw": {
									"language": "json"
								}
							}
						},
						"url": {
							"raw": "http://localhost:2000/fuentes/1",
							"protocol": "http",
							"host": [
								"localhost"
							],
							"port": "2000",
							"path": [
								"fuentes",
								"1"
							]
						}
					},
					"response": []
				},
				{
					"name": "DELETE",
					"request": {
						"method": "DELETE",
						"header": [],
						"url": {
							"raw": "http://localhost:2000/fuentes/1",
							"protocol": "http",
							"host": [
								"localhost"
							],
							"port": "2000",
							"path": [
								"fuentes",
								"1"
							]
						}
					},
					"response": []
				}
			]
		},
		{
			"name": "Tincidentes",
			"item": [
				{
					"name": "SELECT",
					"request": {
						"method": "GET",
						"header": [],
						"url": {
							"raw": "http://localhost:2000/incidentes",
							"protocol": "http",
							"host": [
								"localhost"
							],
							"port": "2000",
							"path": [
								"incidentes"
							]
						}
					},
					"response": []
				},
				{
					"name": "INSERT",
					"request": {
						"method": "POST",
						"header": [],
						"body": {
							"mode": "raw",
							"raw": "{\r\n    \"lugar\": \"Oficina Central\",\r\n    \"tipo\": \"Accidente\",\r\n    \"descripcion_incidente\": \"Una caída en el pasillo principal.\",\r\n    \"fecha\": \"2025-02-23\",\r\n    \"hora\": \"14:30\",\r\n    \"id_fuente\": 1,\r\n    \"url\": \"http://ejemplo.com/incidente\"\r\n}",
							"options": {
								"raw": {
									"language": "json"
								}
							}
						},
						"url": {
							"raw": "http://localhost:2000/incidentes",
							"protocol": "http",
							"host": [
								"localhost"
							],
							"port": "2000",
							"path": [
								"incidentes"
							]
						}
					},
					"response": []
				},
				{
					"name": "UPDATE",
					"request": {
						"method": "PUT",
						"header": [],
						"body": {
							"mode": "raw",
							"raw": "{\r\n    \"lugar\": \"Oficina Secundaria\",\r\n    \"tipo\": \"Fuga de gas\",\r\n    \"descripcion_incidente\": \"Se detectó una fuga de gas en la cocina.\",\r\n    \"fecha\": \"2025-02-24\",\r\n    \"hora\": \"10:00\",\r\n    \"id_fuente\": 2,\r\n    \"url\": \"http://ejemplo.com/incidenteactualizado\"\r\n}",
							"options": {
								"raw": {
									"language": "json"
								}
							}
						},
						"url": {
							"raw": "http://localhost:2000/incidentes/1",
							"protocol": "http",
							"host": [
								"localhost"
							],
							"port": "2000",
							"path": [
								"incidentes",
								"1"
							]
						}
					},
					"response": []
				},
				{
					"name": "DELETE",
					"request": {
						"method": "DELETE",
						"header": [],
						"url": {
							"raw": "http://localhost:2000/incidentes/1",
							"protocol": "http",
							"host": [
								"localhost"
							],
							"port": "2000",
							"path": [
								"incidentes",
								"1"
							]
						}
					},
					"response": []
				}
			]
		},
		{
			"name": "Tmonedas",
			"item": [
				{
					"name": "SELECT",
					"request": {
						"method": "GET",
						"header": [],
						"url": {
							"raw": "http://localhost:2000/monedas",
							"protocol": "http",
							"host": [
								"localhost"
							],
							"port": "2000",
							"path": [
								"monedas"
							]
						}
					},
					"response": []
				},
				{
					"name": "INSERT",
					"request": {
						"method": "POST",
						"header": [],
						"body": {
							"mode": "raw",
							"raw": "{\r\n    \"nombre_moneda\": \"Dólar\",\r\n    \"denominacion\": \"USD\",\r\n    \"pais\": \"Estados Unidos\"\r\n}",
							"options": {
								"raw": {
									"language": "json"
								}
							}
						},
						"url": {
							"raw": "http://localhost:2000/monedas",
							"protocol": "http",
							"host": [
								"localhost"
							],
							"port": "2000",
							"path": [
								"monedas"
							]
						}
					},
					"response": []
				},
				{
					"name": "UPDATE",
					"request": {
						"method": "PUT",
						"header": [],
						"body": {
							"mode": "raw",
							"raw": "{\r\n    \"nombre_moneda\": \"Euro\",\r\n    \"denominacion\": \"EUR\",\r\n    \"pais\": \"Zona Euro\"\r\n}",
							"options": {
								"raw": {
									"language": "json"
								}
							}
						},
						"url": {
							"raw": "http://localhost:2000/monedas/1",
							"protocol": "http",
							"host": [
								"localhost"
							],
							"port": "2000",
							"path": [
								"monedas",
								"1"
							]
						}
					},
					"response": []
				},
				{
					"name": "DELETE",
					"request": {
						"method": "DELETE",
						"header": [],
						"url": {
							"raw": "http://localhost:2000/monedas/1",
							"protocol": "http",
							"host": [
								"localhost"
							],
							"port": "2000",
							"path": [
								"monedas",
								"1"
							]
						}
					},
					"response": []
				}
			]
		},
		{
			"name": "Tnoticias",
			"item": [
				{
					"name": "SELECT",
					"request": {
						"method": "GET",
						"header": [],
						"url": {
							"raw": "http://localhost:2000/noticias",
							"protocol": "http",
							"host": [
								"localhost"
							],
							"port": "2000",
							"path": [
								"noticias"
							]
						}
					},
					"response": []
				},
				{
					"name": "INSERT",
					"request": {
						"method": "POST",
						"header": [],
						"body": {
							"mode": "raw",
							"raw": "{\r\n    \"id_fuente\": 1,\r\n    \"id_tema\": 2,\r\n    \"fecha\": \"2025-02-23\",\r\n    \"titulo\": \"Nueva noticia de prueba\",\r\n    \"descripcion_noticia\": \"Esta es una descripción de prueba para una noticia.\"\r\n}",
							"options": {
								"raw": {
									"language": "json"
								}
							}
						},
						"url": {
							"raw": "http://localhost:2000/noticias",
							"protocol": "http",
							"host": [
								"localhost"
							],
							"port": "2000",
							"path": [
								"noticias"
							]
						}
					},
					"response": []
				},
				{
					"name": "UPDATE",
					"request": {
						"method": "PUT",
						"header": [],
						"body": {
							"mode": "raw",
							"raw": "{\r\n    \"id_fuente\": 1,\r\n    \"id_tema\": 3,\r\n    \"fecha\": \"2025-02-24\",\r\n    \"titulo\": \"Noticia modificada\",\r\n    \"descripcion_noticia\": \"Descripción de la noticia modificada.\"\r\n}",
							"options": {
								"raw": {
									"language": "json"
								}
							}
						},
						"url": {
							"raw": "http://localhost:2000/noticias",
							"protocol": "http",
							"host": [
								"localhost"
							],
							"port": "2000",
							"path": [
								"noticias"
							]
						}
					},
					"response": []
				},
				{
					"name": "DELETE",
					"request": {
						"method": "DELETE",
						"header": [],
						"url": {
							"raw": "http://localhost:2000/noticias/1",
							"protocol": "http",
							"host": [
								"localhost"
							],
							"port": "2000",
							"path": [
								"noticias",
								"1"
							]
						}
					},
					"response": []
				}
			]
		},
		{
			"name": "Tpreferencias",
			"item": [
				{
					"name": "SELECT",
					"request": {
						"method": "GET",
						"header": [],
						"url": {
							"raw": "http://localhost:2000/preferencias",
							"protocol": "http",
							"host": [
								"localhost"
							],
							"port": "2000",
							"path": [
								"preferencias"
							]
						}
					},
					"response": []
				},
				{
					"name": "INSERT",
					"request": {
						"method": "POST",
						"header": [],
						"body": {
							"mode": "raw",
							"raw": "{\r\n    \"id_usuario\": 1,\r\n    \"id_ubicacion\": 2,\r\n    \"notification_time\": \"08:00:00\"\r\n}",
							"options": {
								"raw": {
									"language": "json"
								}
							}
						},
						"url": {
							"raw": "http://localhost:2000/preferencias",
							"protocol": "http",
							"host": [
								"localhost"
							],
							"port": "2000",
							"path": [
								"preferencias"
							]
						}
					},
					"response": []
				},
				{
					"name": "UPDATE",
					"request": {
						"method": "PUT",
						"header": [],
						"body": {
							"mode": "raw",
							"raw": "{\r\n    \"id_usuario\": 1,\r\n    \"id_ubicacion\": 3,\r\n    \"notification_time\": \"09:00:00\"\r\n}",
							"options": {
								"raw": {
									"language": "json"
								}
							}
						},
						"url": {
							"raw": "http://localhost:2000/preferencias/1",
							"protocol": "http",
							"host": [
								"localhost"
							],
							"port": "2000",
							"path": [
								"preferencias",
								"1"
							]
						}
					},
					"response": []
				},
				{
					"name": "DELETE",
					"request": {
						"method": "DELETE",
						"header": [],
						"url": {
							"raw": "http://localhost:2000/preferencias/1",
							"protocol": "http",
							"host": [
								"localhost"
							],
							"port": "2000",
							"path": [
								"preferencias",
								"1"
							]
						}
					},
					"response": []
				}
			]
		},
		{
			"name": "Ttauxtemas",
			"item": [
				{
					"name": "SELECT",
					"request": {
						"method": "GET",
						"header": [],
						"url": {
							"raw": "http://localhost:2000/taux_temas",
							"protocol": "http",
							"host": [
								"localhost"
							],
							"port": "2000",
							"path": [
								"taux_temas"
							]
						}
					},
					"response": []
				},
				{
					"name": "INSERT",
					"request": {
						"method": "POST",
						"header": [],
						"body": {
							"mode": "raw",
							"raw": "{\r\n    \"id_usuario\": 1,\r\n    \"id_tema\": 2\r\n}",
							"options": {
								"raw": {
									"language": "json"
								}
							}
						},
						"url": {
							"raw": "http://localhost:2000/taux_temas",
							"protocol": "http",
							"host": [
								"localhost"
							],
							"port": "2000",
							"path": [
								"taux_temas"
							]
						}
					},
					"response": []
				},
				{
					"name": "UPDATE",
					"request": {
						"method": "PUT",
						"header": [],
						"body": {
							"mode": "raw",
							"raw": "{\r\n    \"id_usuario\": 1,\r\n    \"id_tema\": 2\r\n}",
							"options": {
								"raw": {
									"language": "json"
								}
							}
						},
						"url": {
							"raw": "http://localhost:2000/taux_temas/1",
							"protocol": "http",
							"host": [
								"localhost"
							],
							"port": "2000",
							"path": [
								"taux_temas",
								"1"
							]
						}
					},
					"response": []
				},
				{
					"name": "DELETE",
					"request": {
						"method": "DELETE",
						"header": [],
						"url": {
							"raw": "http://localhost:2000/taux_temas/1",
							"protocol": "http",
							"host": [
								"localhost"
							],
							"port": "2000",
							"path": [
								"taux_temas",
								"1"
							]
						}
					},
					"response": []
				}
			]
		},
		{
			"name": "Ttemas",
			"item": [
				{
					"name": "SELECT",
					"request": {
						"method": "GET",
						"header": [],
						"url": {
							"raw": "http://localhost:2000/temas",
							"protocol": "http",
							"host": [
								"localhost"
							],
							"port": "2000",
							"path": [
								"temas"
							]
						}
					},
					"response": []
				},
				{
					"name": "INSERT",
					"request": {
						"method": "POST",
						"header": [],
						"body": {
							"mode": "raw",
							"raw": "{\r\n    \"nombre_tema\": \"Tecnología\",\r\n    \"descripcion_tema\": \"Temas relacionados con la tecnología.\",\r\n    \"id_fuente\": 1\r\n}",
							"options": {
								"raw": {
									"language": "json"
								}
							}
						},
						"url": {
							"raw": "http://localhost:2000/temas",
							"protocol": "http",
							"host": [
								"localhost"
							],
							"port": "2000",
							"path": [
								"temas"
							]
						}
					},
					"response": []
				},
				{
					"name": "UPDATE",
					"request": {
						"method": "PUT",
						"header": [],
						"body": {
							"mode": "raw",
							"raw": "{\r\n    \"nombre_tema\": \"Ciencia\",\r\n    \"descripcion_tema\": \"Temas relacionados con la ciencia.\",\r\n    \"id_fuente\": 2\r\n}",
							"options": {
								"raw": {
									"language": "json"
								}
							}
						},
						"url": {
							"raw": "http://localhost:2000/temas/1",
							"protocol": "http",
							"host": [
								"localhost"
							],
							"port": "2000",
							"path": [
								"temas",
								"1"
							]
						}
					},
					"response": []
				},
				{
					"name": "DELETE",
					"request": {
						"method": "DELETE",
						"header": [],
						"url": {
							"raw": "http://localhost:2000/temas/1",
							"protocol": "http",
							"host": [
								"localhost"
							],
							"port": "2000",
							"path": [
								"temas",
								"1"
							]
						}
					},
					"response": []
				}
			]
		},
		{
			"name": "Tubicaciones",
			"item": [
				{
					"name": "SELECT",
					"request": {
						"method": "GET",
						"header": [],
						"url": {
							"raw": "http://localhost:2000/ubicaciones",
							"protocol": "http",
							"host": [
								"localhost"
							],
							"port": "2000",
							"path": [
								"ubicaciones"
							]
						}
					},
					"response": []
				},
				{
					"name": "INSERT",
					"request": {
						"method": "POST",
						"header": [],
						"body": {
							"mode": "raw",
							"raw": "{\r\n    \"nombre_ubicacion\": \"Oficina Central\"\r\n}",
							"options": {
								"raw": {
									"language": "json"
								}
							}
						},
						"url": {
							"raw": "http://localhost:2000/ubicaciones",
							"protocol": "http",
							"host": [
								"localhost"
							],
							"port": "2000",
							"path": [
								"ubicaciones"
							]
						}
					},
					"response": []
				},
				{
					"name": "UPDATE",
					"request": {
						"method": "PUT",
						"header": [],
						"body": {
							"mode": "raw",
							"raw": "{\r\n    \"nombre_ubicacion\": \"Sucursal Norte\"\r\n}",
							"options": {
								"raw": {
									"language": "json"
								}
							}
						},
						"url": {
							"raw": "http://localhost:2000/ubicaciones/1",
							"protocol": "http",
							"host": [
								"localhost"
							],
							"port": "2000",
							"path": [
								"ubicaciones",
								"1"
							]
						}
					},
					"response": []
				},
				{
					"name": "DELETE",
					"request": {
						"method": "DELETE",
						"header": [],
						"url": {
							"raw": "http://localhost:2000/ubicaciones/1",
							"protocol": "http",
							"host": [
								"localhost"
							],
							"port": "2000",
							"path": [
								"ubicaciones",
								"1"
							]
						}
					},
					"response": []
				}
			]
		}
	]
}